id;empresa_id;funcionario_id;tipo;titulo;descricao;aberta_por;responsavel;status;criada_em;prazo;resolvida_em;canal_origem;bloqueia_fechamento;relacionada_a;qtd_mensagens;ultima_mensagem_em
P001;E1;F01;duvida_holerite;Por que meu salário de setembro veio menor?;Marina recebeu cerca de R$ 130 a menos em setembro e não sabe o motivo.;funcionario;rh;aguardando_rh;2026-10-06;;;whatsapp;False;P002;3;2026-10-13
P002;E1;F01;atestado;Atestado de 15/09 não chegou a contabilidade;Marina mandou foto do atestado ao Valdir pelo WhatsApp, mas ele não repassou. A falta foi descontada na folha de setembro.;contabilidade;rh;aguardando_rh;2026-09-30;2026-10-23;;email;False;P001;3;2026-10-14
P003;E1;F06;dados_bancarios;Conta para depósito do salário não informada;Kauã foi admitido em setembro e ainda não informou a conta bancária. O salário de setembro foi pago em espécie.;contabilidade;funcionario;aguardando_funcionario;2026-09-28;2026-10-23;;email;True;;3;2026-10-08
P004;E1;F07;admissao;Admissão da Bianca: faltam exame admissional e CTPS digital;Bianca começa em 26/10. A admissão precisa ser registrada antes do primeiro dia de trabalho.;contabilidade;rh;aguardando_rh;2026-10-15;2026-10-23;;email;True;;2;2026-10-15
P005;E1;F02;horas_extras;Informar horas extras do feriado de 12/10;José Carlos trabalhou no feriado. A contabilidade precisa da quantidade de horas para pagar.;contabilidade;rh;aberta;2026-10-16;2026-10-23;;telefone;True;;1;2026-10-16
P006;E1;F03;ferias;Pedido de férias a partir de 01/12;Luana pediu férias de 30 dias a partir de 01/12. O pedido foi feito de boca e não foi registrado.;funcionario;rh;aberta;2026-10-10;2026-10-31;;presencial;False;;1;2026-10-10
P007;E1;F05;duvida_beneficio;Quanto vou receber de 13º e quando?;Irene quer saber o valor e as datas da 1ª e 2ª parcelas do 13º salário.;funcionario;rh;aberta;2026-10-16;;;telefone;False;;1;2026-10-16
P008;E2;F18;rescisao;Rescisão do Diego: aviso prévio termina em 30/10;Desligamento sem justa causa com aviso prévio trabalhado. A contabilidade precisa calcular a rescisão.;rh;contabilidade;aguardando_contabilidade;2026-10-01;2026-11-09;;rh_net;False;;3;2026-10-06
P009;E2;F15;ferias;Recibo de férias assinado não foi devolvido;Priscila está de férias (05/10 a 24/10). O recibo de férias precisa voltar assinado.;contabilidade;funcionario;aguardando_funcionario;2026-10-02;2026-10-27;;email;False;;2;2026-10-03
P010;E2;F11;afastamento;Licença-maternidade: enviar certidão de nascimento;Tatiane está em licença-maternidade. Falta a certidão de nascimento para concluir o registro do afastamento.;rh;funcionario;aguardando_funcionario;2026-10-08;2026-10-22;;whatsapp;True;;2;2026-10-16
P011;E2;F12;dados_bancarios;Troca de conta bancária;Edson abriu conta em outro banco e vai encerrar a antiga. Se não atualizar a tempo, o salário cai na conta encerrada.;funcionario;funcionario;aguardando_funcionario;2026-10-14;2026-10-22;;whatsapp;True;;4;2026-10-15
P012;E2;F13;duvida_holerite;Desconto de vale-transporte mudou;Jaqueline estranhou o valor do desconto de vale-transporte.;funcionario;rh;resolvida;2026-10-07;;2026-10-09;presencial;False;;2;2026-10-09
P013;E2;F16;ponto;Ajuste de batida esquecida em 08/10;Gustavo esqueceu de bater a saída do almoço. Pediu o ajuste pelo app.;funcionario;rh;aberta;2026-10-09;2026-10-22;;rh_net;False;;1;2026-10-09
P014;E2;F09;horas_extras;Planilha de horas extras do turno de sábado;A produção fez turnos extras aos sábados em outubro. O supervisor precisa passar as horas ao RH.;contabilidade;rh;aguardando_rh;2026-10-16;2026-10-22;;email;True;;3;2026-10-17
P015;E2;F20;duvida_beneficio;Jovem aprendiz recebe 13º?;Lucas quer saber se recebe 13º e quanto, já que entrou em fevereiro.;funcionario;contabilidade;aguardando_contabilidade;2026-10-13;;;whatsapp;False;;2;2026-10-13
P016;E2;F19;dependente;Inclusão de dependente (filho nascido em setembro);Fernanda quer incluir o filho como dependente.;funcionario;contabilidade;aguardando_contabilidade;2026-10-05;2026-10-22;;email;False;;2;2026-10-06
P017;E2;F17;ferias;Pedido de férias para janeiro;Simone pediu 20 dias de férias a partir de 11/01/2027.;funcionario;rh;aberta;2026-10-12;2026-11-30;;rh_net;False;;1;2026-10-12
P018;E2;;documento_empresa;Enviar convenção coletiva 2026 (reajuste do sindicato);O sindicato dos trabalhadores teve reajuste salarial em outubro. Sem a convenção, a folha sai com salários desatualizados.;contabilidade;rh;aguardando_rh;2026-09-30;2026-10-22;;email;True;;2;2026-10-09
P019;E3;F24;horas_extras;Confirmar horas extras do mutirão (01 a 15/10);A folha da clínica já foi enviada, mas as horas extras do mutirão vieram sem aprovação. O processamento está parado.;contabilidade;rh;aguardando_rh;2026-10-19;2026-10-21;;rh_net;True;;2;2026-10-19
P020;E3;F22;dados_bancarios;Atualização de conta salário;Camila informou conta nova pelo app, com comprovante.;funcionario;contabilidade;resolvida;2026-10-10;2026-10-21;2026-10-12;rh_net;False;;2;2026-10-12
P021;E3;F23;duvida_holerite;Insalubridade não apareceu no holerite;Patrícia achou que não recebeu insalubridade. A contabilidade respondeu ao RH, mas a resposta nunca chegou a ela.;funcionario;rh;aguardando_rh;2026-10-02;;;whatsapp;False;;4;2026-10-15
P022;E3;F26;atestado;Atestado de 2 dias (13 e 14/10);Sabrina enviou o atestado pelo app no mesmo dia. Exemplo de fluxo que funcionou.;funcionario;rh;resolvida;2026-10-15;2026-10-21;2026-10-16;rh_net;False;;2;2026-10-16
P023;E3;F27;ferias;Férias de novembro: emitir aviso e recibo;Férias de Renata de 09/11 a 28/11. O pagamento precisa sair até 2 dias antes do início.;rh;contabilidade;aguardando_contabilidade;2026-10-08;2026-11-05;;rh_net;False;;1;2026-10-08
P024;E4;F28;duvida_holerite;A PLR vai ter desconto de imposto?;Bruno quer saber se a participação nos lucros terá desconto de IR.;funcionario;contabilidade;aguardando_contabilidade;2026-10-13;;;email;False;;2;2026-10-13
P025;E4;F30;cadastro;Atualização de endereço;Henrique mudou de cidade e atualizou o endereço pelo app.;funcionario;rh;resolvida;2026-10-11;;2026-10-11;rh_net;False;;2;2026-10-11
P026;E4;F31;ferias;Férias de 03/11 a 22/11;Férias programadas. A contabilidade precisa calcular e o pagamento sai até 2 dias antes.;rh;contabilidade;aguardando_contabilidade;2026-10-01;2026-10-30;;rh_net;False;;1;2026-10-01
P027;E4;F35;duvida_ponto;Por que meu banco de horas está negativo?;Yasmin viu saldo negativo no app e não entende de onde veio.;funcionario;rh;aberta;2026-10-16;;;whatsapp;False;;1;2026-10-16
P028;E4;F32;atestado;Atestado de 1 dia (19/10);Otávio mandou foto do atestado pelo WhatsApp em vez de usar o app.;funcionario;rh;aberta;2026-10-20;2026-10-26;;whatsapp;False;;1;2026-10-20
P029;E4;F34;alteracao_salarial;Promoção: novo salário a partir de outubro;Matheus foi promovido a desenvolvedor sênior com novo salário (R$ 12.000) a partir de 01/10.;rh;contabilidade;aguardando_contabilidade;2026-10-05;2026-10-26;;email;True;;1;2026-10-05
P030;E4;F29;duvida_holerite;FGTS de setembro não aparece no app do FGTS;Larissa olhou o app do FGTS e não viu o depósito de setembro.;funcionario;contabilidade;aberta;2026-10-18;;;rh_net;False;;1;2026-10-18
